;;;;;;;;;;;;;;;;;;;;;;;;;;;;;;;;;;F;F;F;F;F;F;F
;E0;E1;E10;E11;E12;E13;E14;E15;E16;E17;E18;E19;E2;E20;E21;E22;E23;E24;E25;E26;E27;E28;E29;E3;E30;E31;E32;E4;E5;E6;E7;E8;E9;E33;E34;E35;E36;E37;E38;E39
(;E33;;;;;;;;;;;;;;;;;;;;;;;;;;;;;;;;;;;;;;;
);E33;;;;;;;;;;;;;;;;;;;;;;;;;;;;;;;;;;;;;;;
*;E33;;;;;;;;;;;;;;;;;;;;;;;;;;;;;;;;;;;;;;;
+;E33;;;;;E5;;;;;;;;;;;;;;;;;;;;;;;;;;;;;;;;;;
,;E33;;;;;;;;;;;;;;;;;;;;;;;;;;;;;;;;;;;;;;;
-;E33;;;;;E5;;;;;;;;;;;;;;;;;;;;;;;;;;;;;;;;;;
.;E33;;;;;;;;;;;;;;;;;;;;;;;;;;;;;;;;;;;;;;;E3
/;E36;;;;;;;;;;;;;;;;;;;;;;;;;;;;;;;;;;;;E33;;;
0;E39;;;;;E35;;;;;;;;;;;;;;;;;;E34;;;;;E35;;;;;;E34;E35;;;;E39
1;E39;;;;;E35;;;;;;;;;;;;;;;;;;E34;;;;;E35;;;;;;E34;E35;;;;E39
2;E39;;;;;E35;;;;;;;;;;;;;;;;;;E34;;;;;E35;;;;;;E34;E35;;;;E39
3;E39;;;;;E35;;;;;;;;;;;;;;;;;;E34;;;;;E35;;;;;;E34;E35;;;;E39
4;E39;;;;;E35;;;;;;;;;;;;;;;;;;E34;;;;;E35;;;;;;E34;E35;;;;E39
5;E39;;;;;E35;;;;;;;;;;;;;;;;;;E34;;;;;E35;;;;;;E34;E35;;;;E39
6;E39;;;;;E35;;;;;;;;;;;;;;;;;;E34;;;;;E35;;;;;;E34;E35;;;;E39
7;E39;;;;;E35;;;;;;;;;;;;;;;;;;E34;;;;;E35;;;;;;E34;E35;;;;E39
8;E39;;;;;E35;;;;;;;;;;;;;;;;;;E34;;;;;E35;;;;;;E34;E35;;;;E39
9;E39;;;;;E35;;;;;;;;;;;;;;;;;;E34;;;;;E35;;;;;;E34;E35;;;;E39
:;E37;;;;;;;;;;;;;;;;;;;;;;;;;;;;;;;;;;;;;;;
';';E33;;;;;;;;;;;;;;;;;;;;;;;;;;;;;;;;;;;;;;;
<;E38;;;;;;;;;;;;;;;;;;;;;;;;;;;;;;;;;;;;;;;
=;E33;;;;;;;;;;;;;;;;;;;;;;;;;;;;;;;;;;;;;E33;E33;
>;E37;;;;;;;;;;;;;;;;;;;;;;;;;;;;;;;;;;;;;;E33;
A;E1;;;;;;;;;;;;;;;;;E7;E31;E12;;;;;;;;;;;;;;;;;;;;
B;E23;;;;;;;;;;;;;;;;;;;;;;;;;;;;;;;;;;;;;;;
C;;;;;;;;;;;;;;;;E28;;;;;;;;;;;;;;;;;;;;;;;;
D;;;;;;;;E33;;;;;;;;;;;;;;;E30;;;;;;;;;;;;;;;;;
E;E10;;;;;;E33;;;;;;;;;;E8;;;;E2;E29;;;;;;;;;;;;;E13;;;;;E13
F;;;;;;;;;;;E33;E33;;;;;;;;;;;;;;;;;;;;;;;;;;;;
G;;;;;;;;;;;;;;;;E17;;;;;;;;;;;;;;;;E9;;;;;;;;
H;;;;;;;;;;;;;;;;;;;;;;;;;;;E27;;;;;;;;;;;;;
I;E18;;;;;;;;;;;;;;;;;;;;;;;;;;;;;;;;E2;;;;;;;
L;;;E11;;;;;;;;;;;;;;;;;;;;;;;;;;;;;;;;;;;;;
M;;;;;E33;;;;;;;;;;;;;;;;;;;;;;;;;;;;;;;;;;;
N;;;E15;;;;;;;;;;E33;;;;;;;;;;;;;;;;;;;;;;;;;;;
O;E19;;;;;;;;;;;;;;E22;;;;;;;;;;;;;;;;;;;;;;;;;
P;E4;;;;;;;;;;;;;;;;;;;;;;;;;;;;;E14;;;;;;;;;;
R;;E16;;;;;;;E25;E26;;E33;;E14;;;;;;;;;;;;;;E21;;;E33;;;;;;;;;
S;;;;E14;;;;;;;;;;;;;;;;;;;;;;;;;;;;;;;;;;;;
T;E32;;;;;;;;;;;;;;;;;;;;;;;;;;;;;;;;;;;;;;;
U;;;;;;;;;;;;;;;;;;;;;;;;;E20;;;;;;;;;;;;;;;
V;E24;;;;;;;;;;;;;;;;;;;;;;;;;;;;;;;;;;;;;;;
Y;;;;;;;;;;;;;;;;;;;;;;;;;;E33;E6;;;;;;;;;;;;;
[;E33;;;;;;;;;;;;;;;;;;;;;;;;;;;;;;;;;;;;;;;
];E33;;;;;;;;;;;;;;;;;;;;;;;;;;;;;;;;;;;;;;;
